授業回,テーマ,問No.,問：【】内の記述が適切かどうかを答えてください。,正解（o：適切、x：適切でない）,解説,小テスト版からの変更（0：なし、1：あり）
2,「社会心理学」とは,1,【心理学にはさまざまな分野があるが、どの分野にも共通していることは、人間の心の働きを「科学的に」明らかにしようとすることである。「科学的に」という点が現代心理学の大きな特徴である。】,o,「科学的に」とは、「主観を廃して、客観的に」ということである。現代心理学の研究では、実験、調査などの手法により、心の働きを客観的に測定する。そして、測定で得たデータを統計的に分析する。,0
2,「社会心理学」とは,2,【1875年に、ドイツのヴントが、大学に世界初となる実験心理学研究室を開設した。このときから、現代の科学的心理学の歴史が始まったとされている。】,o,現在では、ヴントは「実験心理学の父」とよばれている。ところで、科学的心理学の誕生が1875年であるいうことは、科学的心理学の歴史は150年ほどだということになる。さまざまな学問分野が存在するが、そのなかでは、心理学は比較的歴史が浅い分野だといえよう。,0
2,「社会心理学」とは,3,【「内観」は完全に客観的ではありえず、どうしても主観の影響を排し切れない。】,o,内観は、ヴントが用いた研究方法であり、自身の意識のうえで何が起きているかを観察し、報告するという方法である。内観は、次第に、「客観的な方法ではない」、すなわち「科学的な方法ではない」という批判を受けるようになった。,0
2,「社会心理学」とは,4,【行動主義心理学は「客観的ではない」という批判を受けた。】,x,20世紀の初頭、アメリカで「行動主義心理学」が登場した。行動主義心理学とは「科学的な心理学は、客観的に観察可能な『行動』を研究対象とすべきである」という立場をとる心理学である。多くの行動主義心理学者は、「心のなかで何が起こっているか、ということは、客観的に観察することができないので、科学的な心理学の研究対象としてはふさわしくない」と考えていた。それに対し、「人間の心のなかで何が起こっているか、ということこそ、心理学が研究すべきテーマである」という主張が強くなっていった。,0
2,「社会心理学」とは,5,【「人間の心を一種の情報処理システムであるとみなす」というアプローチを「情報処理アプローチ」とよぶ。】,o,コンピュータの登場（1940年代）を受け、「人間の心の働きとコンピュータの機能はある意味で似ているのではないか」「人間の心の働きはコンピュータとの類比によって説明できるのではないか」と考えられるようになった。そして、「コンピュータが行っているのは情報処理である。したがって、人間の心も一種の情報処理システムであるとみなせば、その働きを理解できるのではないか」という研究方針が生まれた。,0
2,「社会心理学」とは,6,【社会心理学は、認知心理学が登場してから、人間の認知過程に強い関心を寄せるようになった。】,x,1920年代から1930年代にかけて、アメリカにおいて社会心理学の基礎ができあがったとされる。その頃は、行動主義心理学が盛んだった時代であり、まだ認知心理学は誕生していない。しかし、社会心理学は、認知心理学が登場するよりも前から、人間の認知過程に強い関心を寄せていた。,0
2,「社会心理学」とは,7,【近年では、情報処理アプローチによる社会心理学研究は、社会心理学の主流といってもよいほど、盛んに行われている。】,o,社会心理学は、認知心理学が登場するよりも前から、人間の認知過程に強い関心を寄せていた。そして、認知心理学が登場すると、社会心理学は認知心理学の考え方、つまり情報処理アプローチを取り入れるようになった。,0
2,「社会心理学」とは,8,【ある個人と一人の他者との一対一の関係は、社会心理学の検討対象ではない。】,x,ある個人と一人の他者との一対一の関係も、社会心理学の検討対象である。実際、私たちは、たった一人の他者が存在するだけでも、思考・感情・行動にさまざまな影響を受ける。,0
2,「社会心理学」とは,9,【社会心理学の関心は、社会そのものにあるのではなく、「社会のなかの個人」にある。】,o,社会心理学の関心は、社会そのものにあるのではなく、「社会のなかの個人」にある。つまり、社会心理学の関心は「社会から、個人がどのような影響を受けるのか」ということに向けられているのである。,0
2,「社会心理学」とは,10,【レヴィンは、B = f (P ， E) という公式を示した。この式は、「ある人間の行動（B）は、その人の内的要因（P）と外的要因（E）によって決まる」ということを表現している。】,o,私たちは、自分自身も含め、ある人の行動（B）を決めているのは、主にその人の内的要因（P）だと考えがちである。しかし、社会心理学の多くの研究により、外的要因（E）が行動（B）に及ぼす影響は、思いのほか大きいことがわかってきた。そして、外的要因（E）のなかでも大きな影響力をもつ要因が「他者の存在」なのである。,0
2,「社会心理学」とは,11,【社会心理学の主要な研究方法は「実験」と「調査」である。調査によって、要因間の因果関係を知ることができる。】,x,調査では、実験と違い、因果関係まではわからない（調査によって知ることができるのは、要因間の相関関係である。）。しかし、社会心理学の研究においては、実験を用いるのが難しいテーマも少なくないため、調査は実験と並ぶ有力な研究手法となっている。,0
3,対人認知,1,【私たちは、他者に対して、「あの人はやさしい人だ」とか「あの人はまじめな人だ」といった、さまざまな印象を抱く。このように、「ある他者をどのように認識するか」ということを「対人認知」とよぶ。】,o,（解説は特になし。）,0
3,対人認知,2,【性格特性のなかには、ある人物の全体的な印象を形成するにあたり、大きな影響を与える性格特性とそうでない特性があることが指摘されている。】,o,人物の印象形成に大きな影響を与える性格特性を「中心特性」、そうでない性格特性を「周辺特性」とよぶ。,0
3,対人認知,3,【私たちには、自分の仮説（考え、信念、予想など）を支持するような情報には耳を傾けるが、自分の仮説と矛盾する情報にはあまり耳を貸さない傾向がある。また、いったん入手した情報に対しても、自分の仮説を支持する情報は好意的に評価する一方、自分の仮説と矛盾する情報については批判的な評価をしやすい傾向がある。このような傾向を「信念バイアス」とよぶ。】,x,【】内の記述のような傾向は「確証バイアス」とよばれる。なお、「バイアス」とは、認知における歪みや偏りのことである。ある人物に対する事前の期待や予期は対人認知に影響を与えるが、これは確証バイアスによるものであると考えられる。,0
3,対人認知,4,【暗黙の性格理論は、人それぞれ異なっており、多くの人に共通する特徴はない。】,x,私たちは人の性格について自分なりの理論を持っていると考えられている。これを「暗黙の性格理論」とよぶ。暗黙の性格理論は、「自分なり」の理論なので、人それぞれ異なる。しかし、多くの人に共通する特徴があることも知られている。その特徴とは、「私たちが他者を認識する際に想定する性格特性は、『社会的望ましさ』と『知的望ましさ』の2次元からなる構造のなかに位置づけられる」というものである。,0
3,対人認知,5,【ステレオタイプは、あるカテゴリの成員（そのカテゴリに属する人たち）に対して私たちが抱いているイメージや信念のようなものであり、必ずしも事実と一致しているとは限らない。】,o,したがって、ステレオタイプは、おうおうにして誤った対人認知をもたらす。,0
3,対人認知,6,【「ステレオタイプ内容モデル」によれば、ステレオタイプの内容は、おおむね、「地位」と「能力」という2つの次元で説明できる。】,x,「ステレオタイプ内容モデル」によれば、ステレオタイプの内容は、おおむね、「人柄」と「能力」という2つの次元で説明できる。これらの2次元は、暗黙の性格理論を構成する2次元（「社会的望ましさ」）と「知的望ましさ」）に対応すると考えられている。「人柄」は「社会的望ましさ」に対応する。また、「能力」は「知的望ましさ」に対応する。,0
3,対人認知,7,【ステレオタイプ内容モデルにおいては、ステレオタイプの内容は、あるカテゴリの成員が実際にそのような特徴を持っているかどうかではなく、ステレオタイプを付与する側とされる側の関係によって規定されると考えられている。】,o,具体的には、その実態にかかわらず、「敵対関係や競合関係にある集団の成員に対しては、人柄が悪い（冷たい、など）というステレオタイプを付与しがち」「自分の味方や競争相手にはならない集団の成員に対しては、人柄がよい（温かい、など）というステレオタイプを付与しがち」だといわれている。また、「自分と同等以上の社会的地位にある集団の成員に対しては、能力が高い（頭がよい、知的である、など）というステレオタイプを付与しがち」「自分よりも社会的地位が低い集団の成員に対しては、能力が低い（頭が悪い、知的でない、など）というステレオタイプを付与しがち」であるといわれている。,0
3,対人認知,8,【外見が魅力的な人は、その他の側面においても望ましい性質を持っていると思われやすい傾向がある。これを「美人ステレオタイプ」とよぶ。】,o,また、より一般的に、ある人物によい点（あるいは悪い点）が一つあると、その人はその他の面においてもよい（あるいは悪い）と評価されやすい傾向がある。これは、「ハロー効果」とよばれている。,0
3,対人認知,9,【あるカテゴリに付与されているステレオタイプが否定的なものである場合、そのカテゴリの成員は、自らの行動の結果がそのステレオタイプに沿ったものとなり、当該のステレオタイプの証明となってしまうことを恐れることがある。このような恐れを、「ステレオタイプ脅威」とよぶ。】,o,ステレオタイプは必ずしも現実に一致しているとは限らない。しかし、ステレオタイプ脅威を抱くことにより、本来の能力を発揮できず、結果として当該のステレオタイプが現実化してしまうことがある。,0
4,原因帰属,1,【ある出来事の原因を推論し、真の原因を特定することを「原因帰属」（あるいは単に「帰属」）とよぶ。】,x,ある出来事の原因を推論し、自分なりに原因を特定することを「原因帰属」（あるいは単に「帰属」）とよぶ。ただし、自分なりに推論して特定した原因であるため、必ずしも真の原因を特定しているわけではない。,0
4,原因帰属,2,【行動の原因を行為者の内的要因に求めることを「内的帰属」、外的要因に求めることを「外的帰属」とよぶ。】,o,レヴィンが示した式「B = f(P， E)」（第02回授業資料参照）によれば、ある人の行動（B）はその人の内的要因（P）と外的要因（E）によって決まることになる。ある人の行動についての原因帰属は、「その人の内的要因と外的要因が、それぞれどの程度行動に影響を与えたのかを推論し、特定することである」ということができる。,0
4,原因帰属,3,【［共変モデル］では、原因の推論にあたり、「対象となる実体」「行為の主体」「状況」の３つの面を検討することになる。】,o,行為が変化するのが「対象となる実体」が異なったときだけだったとすれば、「行為の原因は『対象となる実体」である」と推論できる。また、行為が変化するのが「行為の主体」が異なったときだけだったとすれば、「行為の原因は『行為の主体」である」と推論できる。,0
4,原因帰属,4,【共変モデルは、原因帰属過程についての記述的なモデルである。】,x,共変モデルは、原因帰属過程についての規範的なモデルである。「規範的な」というのは「『どうあるべきか』についての」という意味である。つまり、共変モデルは、「原因帰属過程はどうあるべきかについてのモデル」ということである。言い換えると、共変モデルは、どのような原因帰属過程が合理的であるかを説明するモデルである。なお、原因帰属に関する記述的な研究とは、「私たちは、実際にはどのように原因帰属を行っているのか」についての研究のことである。,0
4,原因帰属,5,【私たちは常に合理的に原因帰属をしているわけではなく、私たちの原因帰属過程にはさまざまなバイアス（傾向、ゆがみ）がある。】,o,原因帰属に関する記述的な研究によって、【】内のことが明らかになった。,0
4,原因帰属,6,【「基本的な帰属のエラー」とは、他者の行動の原因を推測する際、外的要因（他者の存在、状況など）とくらべて、その人の内的要因（性格、能力、信念など）を重視し過ぎるというバイアスである。】,o,このバイアスが「基本的な帰属のエラー」とよばれるのは、人間がおかしがちな本質的で普遍的な帰属の誤りであるとされているためである。なお、「基本的な帰属のエラー」は、「対応バイアス」とよばれることもある。,0
4,原因帰属,7,【基本的な帰属のエラーが起こるメカニズムを説明する理論の一つに「3段階モデル」がある。3段階モデルによれば、私たちは、他者のある行動を見たとき、自動的に内的帰属を行ってしまう。】,o,3段階モデルによれば、私たちの原因帰属過程は3段階の処理過程にわかれている。第1段階は「行動の同定」である。他者がどのような行動をとったかを判断する段階である。第2段階は「内的属性の推論」である。この段階では、他者の行動の原因をその人の内的属性に求める。つまり内的帰属が行われる。この段階の処理は自動的に実行されると想定されている。第3段階は「状況要因を考慮した修正」である。この段階では、外的要因が行動におよぼした影響力が評価される。その結果に応じて、第2段階で行った内的帰属を修正する（内的帰属の程度を弱める）ことになる。ただし、第3段階の修正には、少なくない認知的な労力や時間がかかると想定されている。したがって、労力や時間が足りない場合には、第3段階の処理は行われない。その結果、原因帰属過程は第2段階で打ち切られ、内的帰属がなされることになる。,0
4,原因帰属,8,【基本的な帰属のエラー（過度の内的帰属）は、人間がおかしがちな普遍的なエラーであり、行動の主体が自分であった場合にも同様のエラーが起こりやすい。】,x,基本的な帰属のエラー（過度の内的帰属）は、人間がおかしがちな普遍的なエラーであるとされているが、行動の主体が自分であった場合には、むしろこれとは反対方向のバイアスが生じやすい（つまり外的帰属が行われやすい）といわれている。つまり、「行為の主体が自分である（自分が行為者である）場合は、外的帰属がなされやすい」「行為の主体が他者である（自分は他者の行為を観察する立場である）場合は、内的帰属がなされやすい」という傾向がある。これを「行為者-観察者バイアス」とよぶ。,0
4,原因帰属,9,【自分の行為については、ネガティブな出来事（悪い結果となった出来事）の場合は、ポジティブな出来事（良い結果となった出来事）の場合ほどには、行為者-観察者バイアスが起きにくい。】,x,行為者-観察者バイアスが見られる状況は限定的だといわれている。たとえば、自分の行為についての原因帰属では、「 ポジティブな出来事の場合、内的帰属がなされやすい（「良い結果が出たのは、自分の能力や努力のおかげ」と推論しがち）」「ネガティブな出来事の場合、外的帰属がなされやすい（「悪い結果になったのは、外的要因のせい」と推論しがち）」という傾向がある。つまり、自分にとって都合のよい方向に推論される傾向があるということである。これを、「セルフ・サービング・バイアス」（自己奉仕的バイアス）とよぶ。,0
4,原因帰属,10,【私たちは、事件や事故などを見聞きした際、その被害者に被害の責任を帰属しがちであるといわれている。つまり、私たちには、「そのような被害にあった責任の一部（あるいはすべて）は被害者にある」というような推論をする傾向がある。このような責任帰属を「被害者非難」とよぶ。】,o,被害者非難には、「公正世界仮説」とよばれる信念が関係していると考えられている。,0
4,原因帰属,11,【公正世界仮説が正しければ、自分は悪いことをしていなくても、自分の身に不幸が降りかかる可能性があることになる。】,x,「公正世界仮説」とは、良い行いをしている人には良いことが起こり、悪い行いをしている人には悪いことが起こるという、因果応報的な世界観である。人間は一般にこうした世界観をもっているとされる。公正世界仮説が正しければ、自分が悪い行いをしない限りは、自分に悪いことは起こらないはずである。しかし、公正世界仮説が否定されれば、自分は悪いことをしていなくても、自分の身に不幸が降りかかる可能性があることになる。これは、自己にとっての大きな脅威だといえる。被害者非難がなされるのは、このような脅威から自身を防御するために、公正世界仮説を維持しようとするからだと考えられている。,0
4,原因帰属,12,【自己に対する脅威（「自分も大きな事故や事件の当事者になるかもしれない」という不安）から自身を防御するための帰属を、「防衛的帰属」とよぶ。】,o,公正世界仮説を守るために被害者非難を行うことも、防衛的帰属だといえる。,0
5,態度,1,【社会心理学用語としての「態度」は、「ある人の心のうちが、振る舞いや仕草、表情などに現れたもの」を意味する。】,x,一般的な日本語において、「態度」という語は、「ある人の心のうちが、振る舞いや仕草、表情などに現れたもの」というような意味で用いられる。しかし、社会心理学においては、「ある個人の、ある特定の対象（人、物、状況など）に対する、好悪（好きか嫌いか）や評価（良いか悪いか、賛成か反対か、など）」を、その人のその対象に対する「態度」とよぶ。社会心理学用語の「態度」は、一般的な日本語としての「態度」とは違い、ある人の内面的な状態を指しており、必ずしも外面に現れないものなのである。,0
5,態度,2,【態度は、ある対象に対する「感情成分」と「認知成分」の2成分によって構成されている。】,o,態度は、ある対象に対する「好悪」と「評価」の2成分によって構成されている。これらの2成分のうち、ある対象についての「好悪」を態度の「感情成分」とよぶ。また、ある対象に対する「評価」を態度の「認知成分」とよぶ。,0
5,態度,3,【認知的不協和は、態度変容を引き起こす原因とはなりえない。】,x,「認知的不協和理論」は態度に関する古典的な理論の一つである。認知的不協和理論によれば、私たちが認知しているさまざまなことがらのなかに矛盾・対立する2つの要素があるとき、これらの要素は「認知的に不協和」な状態である。このような認知的不協和の存在は、心理的緊張、あるいは心理的不快感をもたらす。そこで、私たちはこの不協和を解消しようとする。認知的不協和を解消するために、自身の態度を変えてしまうこともある。,0
5,態度,4,【説得的コミュニケーションにおいては、説得者（送り手）の信頼性や専門性が大きいほど説得効果が大きくなる。】,o,「信頼性」とは、説得者がどの程度信頼できる情報源であるかということである。また、「専門性」とは、説得者がその分野についてどの程度専門的な知識をもっているかということである。なお、信頼性と専門性を合わせて「信憑（しんぴょう）性」とよぶ。,0
5,態度,5,【説得的コミュニケーションにおける送り手の信憑性について、「スリーパー効果」という現象が知られている。スリーパー効果とは、信憑性の低い情報源からのメッセージの場合、コミュニケーション提示直後よりも、数週間後のほうが態度変容効果が大きいという現象である。】,o,スリーパー効果が生じる理由は、メッセージ提示直後は、メッセージの内容が情報源の信憑性の低さによって割り引かれるのだが、一定時間経過後には情報源が何であったのかを忘れてしまい、情報源の信憑性の低さによる割引が生じなくなるからであると説明されている。,0
5,態度,6,【説得メッセージの内容が受け手にとって関連性の低いものである場合、メッセージの送り手が魅力的であるということが説得効果を高めることがある。】,o,「関連性」とは、「説得メッセージの内容が、受け手にとってどのくらい重要か」ということである。説得メッセージの内容が受け手にとって関連性の低いものである場合、議論の本質とはあまり関係のない表面的な特徴に注意が向きがちになるとされている。その結果、表面的な特徴によって、説得効果が左右されやすくなる。たとえば、メッセージが長いというだけで説得力が増すことがある。また、メッセージの送り手が魅力的であるということが、説得効果が高めることがある。,1
5,態度,7,【認知欲求の低い人は、説得メッセージを受けた際、その内容を深く検討しようとせず、表面的な特徴に注意が向きやすい傾向がある。】,o,「認知欲求」とは、人が認知的に負担のかかる活動に進んで従事しようとする傾向のことである。この認知欲求には、個人差があると考えられている。たとえば、あまり考えなくてもよい課題よりも、頭を使う困難な課題の方が好きだったり、新しい考え方を学ぶことが好きだったりする人は認知欲求が高いといえる。,0
5,態度,8,【「確証バイアス」は、態度が容易に変容しない理由の一つである。】,o,私たちには、自分の仮説（考え、信念、予想など）を支持するような情報には耳を傾けるのだが、自分の仮説と矛盾する情報にはあまり耳を貸さない傾向がある。また、いったん入手した情報に対しても、自分の仮説を支持する情報は好意的に評価する一方、自分の仮説と矛盾する情報については批判的な評価をしやすい傾向がある。このような傾向を「確証バイアス」とよぶ。,0
5,態度,9,【「ブーメラン効果」とは、説得メッセージの送り手が逆に説得されてしまうことである。】,x,「ブーメラン効果」とは、説得的コミュニケーションの受け手の態度が、説得的メッセージが主張する方向とは反対の方向に変容してしまう現象のことである。,0
5,態度,10,【「心理的リアクタンス」とは、行動や選択の自由が脅威にさらされた場合に生じる、心理的な抵抗・反発作用のことである。】,o,ブーメラン効果は、心理的リアクタンスによるものと考えられている。私たちは、常に自由に自分の意見や態度を決定できるという信念をもっているとされる。説得的コミュニケーションは、このような自由を脅かすものといえる。自由な意思決定が脅かされると、私たちはその自由を確認するために、説得メッセージが主張する方向とは逆の方向に態度を変容させることがあるのである。,0
5,態度,11,【説得的コミュニケーションの効果を高めるには、受け手に態度の変容を強要することが有効である。】,x,説得的コミュニケーションの効果を高めるには、受け手に態度の変容を強要するのではなく、受け手に意思決定の自由への脅威を感じさせない方法で行う方がよいといえる。,0
5,態度,12,【態度には、その人自身が意識的に把握できる顕在的な態度のほかに、意識的には把握することのできない潜在的な態度もある。】,o,意識的に把握できる顕在的な態度を「顕在態度」、意識的には把握することのできない潜在的な態度を「潜在態度」とよぶ。,0
5,態度,13,【顕在態度と潜在態度は、常に個人内で矛盾のないように保たれている。】,x,態度は、ふつう、個人内で矛盾のないように保たれるが、顕在態度と潜在態度については、一貫しない場合があることが知られている。特に、社会規範が関係する態度については、顕在態度と潜在態度の不一致が生じやすいといわれている。,0
6,自己,1,【社会心理学が研究対象とするのは、主に主我としての自己である。】,x,ジェームズ（James， 1892）は、自己の二重性を指摘し、一方の自己を「主我」、もう一方の自己を「客我」とよんだ。主我とは、知る者としての自己、認知の主体となる自己のことである。それに対し、客我は、知られる者としての自己、認知の対象となる自己である。社会心理学が研究対象とするのは、主に客我としての自己である。,0
6,自己,2,【客我としての自己は、認知的側面と感情的・評価的側面に大別できる。】,o,客我の認知的側面を「自己概念」とよぶ。また、客我の感情的・評価的側面を「自尊感情」あるいは「自己評価」とよぶ。自尊感情および自己評価は、同じ意味の用語として使われることも多いが、区別するとすれば、自尊感情とは比較的安定的な自己への評価、自己評価とは変動的な自己への一時的な評価のことである。,0
6,自己,3,【自己概念は、「個人的アイデンティティ」と「社会的アイデンティティ」に分けることができる。】,o,「自己概念」とは、客我としての自己に関する知識の集積であり、自己定義である。個人的アイデンティティとは、その個人の内的属性（性格、能力など）のことである。たとえば、「私は明るい」、「私はピアノが弾ける」といったものである。それに対し、社会的アイデンティティとは、社会集団（社会的カテゴリ）の成員としての自己概念である。たとえば、「私は日本人である」、「私は○○大学の学生である」といったものである。,0
6,自己,4,【ある瞬間において、一時的に強く認識されている自己概念を、「作動的自己概念」とよぶ。】,o,同じ個人であっても、個人的アイデンティティが強く認識されるときもあれば、社会的アイデンティティが強く認識されることもある。また、通常、ある個人は複数の社会的カテゴリに属している。それらのうち、どの社会的カテゴリが強く認識されるかは状況によって異なる。強く認識されている自己概念（作動的自己概念）は、その状況におけるその人の思考や感情、行動に強く影響を及ぼすことになる。,0
6,自己,5,【私たちは、ステレオタイプによって他者を理解しようとする傾向がある。それに対し、自己についてはステレオタイプに基づいて理解することはない。】,x,ある社会的カテゴリが作動的自己概念となっている場合、その社会的カテゴリに対するステレオタイプが自分自身に対しても付与される。たとえば、「私は日本人です」と自己紹介する際には、日本人が一般的にもっている特徴を自分自身ももっていると認識する。これを、「自己ステレオタイプ」とよぶ。私たちは、ステレオタイプによって他者を理解しようとする傾向があるが、それと同様に、自己についてもステレオタイプに基づいて理解することがあるのである。,0
6,自己,6,【過去および現在において、自分に重要な影響を与えてきた他者を「関係他者」とよぶ。】,x,過去および現在において、自分に重要な影響を与えてきた他者を「重要他者」とよぶ。たとえば、両親、兄弟、配偶者、親友、恋人などがあげられる。そして、重要他者との関係の面からとらえられた自己概念を「関係自己」とよぶ。関係自己もまた、その個人の思考、行動などに影響を及ぼす。,0
6,自己,7,【「社会的比較」とは、自己を正確に評価したいという動機で行われるものである。それ以外の動機で社会的比較が行われることはない。】,x,私たちが社会的比較を行う基本的な動機は、自己を正確に評価したいという動機である。しかし、正確な自己評価を得ることとは別の動機により、社会的比較が行われることもある。自分より優れた他者、望ましい状態にある他者との社会的比較を「上方比較」とよぶ。上方比較は自己を向上させたいという動機にもとづくものである。また、自分より相対的に劣った他者との比較を行うこともあり、これを「下方比較」という。下方比較は、自分よりも不幸あるいは不遇な人と比較することにより、自分が相対的により望ましい状態にあると認知し、自尊感情を上昇させたいという動機（自己高揚動機）にもとづく。,0
6,自己,8,【自己評価維持モデルによれば、自己との関連性が低い活動内容に関して、心理的距離が近い他者が高い遂行レベルを見せた場合には、反映過程が起こる。】,o,このような場合、他者の好成績（高い遂行レベル）を素直に喜び、さらに他者と自己との結びつきを強調し同一視して自己評価を上げようとする。これが反映過程である。なお、自己との関連性が高い活動内容に関しては、＜自己＞と＜心理的距離が近い他者＞との間で、遂行レベルの比較がなされる。これが比較過程である。,1
6,自己,9,【私たちには、自分自身を実際以上によいものとして認知する傾向がある。これを「ポジティブ・イリュージョン」とよぶ。】,o,ポジティブ・イリュージョンは、私たちが自身を正しく把握できていないことのあらわれであり、ときに誤った判断や意思決定を導くことにもなる。その一方で、ポジティブ・イリュージョンをもつ人は、そうでない人と比べて、落ち込みにくく、困難な課題にも粘り強く取り組み、結果として成功しやすいという。また、一般的に、ポジティブ・イリュージョンにおける自己認知の偏りは、それほど極端なものではなく、ほどほどの範囲に収まることが多いとされる。ポジティブ・イリュージョンは、精神的健康を維持するための適応過程の一つであると考えられている。,0
6,自己,10,【抑うつ状態の人は、必要以上に悲観的になり過ぎている。】,x,抑うつ状態にある人は、そうでない人と比べて、自分や自分をとりまく環境をより正確に把握しているといわれている。これを「抑うつリアリズム」とよぶ。,0
6,自己,11,【自分のものの見方や感じ方は偏りがなく、客観的であるという信念は「ナイーブ・リアリズム」とよばれている。】,o,私たちは、世界は自分が見ているように実在しており、他者も客観的に世界を見ているならば、自分と同じような世界を見ているはずだと考えがちである。しかし、世界に対する私たちの認識は、主観的であり、ひとりひとり異なっている。自他の認識のずれを知ったとき、「自分こそ客観的である」というナイーブ・リアリズムにとらわれていると、相手の認識には歪みがあり、間違っていると考えてしまうことになる。,0
7,対人関係,1,【親和欲求とは、人が持つ基本的欲求の1つであり、孤独を避け他者との接触を求めようとする欲求のことである。】,o,不安は親和欲求を高め、対人関係が発生するきっかけになりうる。,0
7,対人関係,2,【外見が魅力的な人は、その他の側面においても望ましい性質を持っていると思われやすい傾向がある。これを「美人ステレオタイプ」とよぶ。】,o,なお、美人ステレオタイプについては、第03回「対人認知」でも取り上げた。,0
7,対人関係,3,【態度などのように正しさを証明する明確な基準がないものについて、他者との類似や合意をもって、その正しさを保証しようとする傾向のことを「確証バイアス」とよぶ。】,x,【】内に記述されているような傾向を「合意的妥当化」とよぶ。,0
7,対人関係,4,【私たちは、自分と異なる他者を好むことはない。】,x,ウインチ（R. F. Winch， 1958）は、既婚カップルを対象とした調査を通して、欲求について相補的な組み合わせであるほど、お互いを受け入れ、その関係自体も良好であったと報告している。相補的に異なる他者を好む背景には、現時点および将来において当事者に付与される課題の解決のために、適切な役割分担が志向されているからであると考えられる。,0
7,対人関係,5,【ただ単に接触機会が多く見慣れてくるだけでも、その対象に好意を感じやすくなる傾向のことを「単純接触効果」とよぶ。】,o,単純接触効果は、空間的近接が対人魅力を高める理由の一つであると考えられる。,0
7,対人関係,6,【対人的相互作用における、さまざまな財の交換を「社会的交換」とよぶ。「財」とは金銭や物品のことであり、金銭や物品以外は財ではない。】,x,「財」には、金銭や物品のような「物理的財」だけでなく、「心理的財」（愛情、賞賛など）や「社会的財」（地位、名声など）なども含まれる。,0
7,対人関係,7,【「投資モデル」によれば、ある対人関係への現状の満足度が低い場合には、必ずその関係の解消に至る。】,x,ある対人関係への現状の満足度が低くても、必ずしもその関係の解消には至らない。その関係に対するこれまでの投資量が多い場合や、代替関係から得られる満足度がその関係よりも少ない場合には、その関係は崩壊しない場合がある。,0
7,対人関係,8,【私たちは、ある対象にこれ以上コストを投入しても損にしかならないのに、それまでにつぎ込んだコストがもったいなく思えて、「撤退」という意思決定ができないことがある。これを「サンクコスト効果」とよぶ。】,o,投資モデルでは「ある対人関係への現状の満足度が低くても、その関係に対するこれまでの投資量が多い場合には、その関係は崩壊しない場合がある」とされているが、これはサンクコスト効果のあらわれであるといえる。,0
7,対人関係,9,【「衡平理論」によれば、自分と相手との間の報酬・コストが衡平であれば、お互いに満足いき、関係は安定的に維持される。】,o,しかし、不衡平の状態にあるときには、人はその不衡平を解消しようと動機づけられ、衡平な状態に修正できなければ、関係の崩壊が起こるとされる。,0
7,対人関係,10,【成人の愛着スタイルは、「他者への評価」と「自己評価」によって特徴づけることができる。他者への評価がネガティブな人は、他者への依存度が大きい。】,x,他者への評価は、他者との関係を回避する傾向の強さに関係する。他者への評価がネガティブな人は、他者との関係を回避する傾向が強いとされている。それに対し、他者への評価がポジティブな人は、他者を回避しようとする傾向が弱いとされている。また、自己評価は他者への依存度の大きさに関係する。自己評価がポジティブな人は、他者への依存度が小さい。それに対し、自己評価がネガティブな人は、他者への依存度が大きい。,0
8,コミュニケーション,1,【一般的に、相手に視線を送ることは好意の表れを意味し、相手からの好意を引き出すことができる。したがって、相手を見つめれば見つめるほどよいといえる。】,x,一般的に、相手に視線を送ることは好意の表れを意味し、相手からの好意を引き出すことができる。しかし、見つめれば見つめるほどよいというわけではない。たとえば、自分が話すときよりも、相手が話すときに視線を送ることがよい印象を与える。,0
8,コミュニケーション,2,【言語以外のものを用いたコミュニケーションを「パラ言語」とよぶ。】,x,言語以外のものを用いたコミュニケーションを「非言語的コミュニケーション」とよぶ。「パラ言語」とは、話し方（音声の大きさ、速度など）や、文字の大きさや形といった言語に付随する非言語的側面のことである。パラ言語は、非言語的コミュニケーションの手段の一つである。,0
8,コミュニケーション,3,【何らかの目的達成のために行うコミュニケーションを「自己完結的コミュニケーション」とよぶ。】,x,何らかの目的達成のために行うコミュニケーションを「道具的コミュニケーション」とよぶ。たとえば、飲食店で食べたいものを音声言語で注文するような場合である。それに対して、コミュニケーションを行うこと自体が目的となる場合もある。たとえば、話すこと自体が楽しいといった場合や、喜び、悲しみなどの感情を表出するような場合である。このような場合におけるコミュニケーションを「自己完結的コミュニケーション」とよぶ。,0
8,コミュニケーション,4,【人との関係を維持するためのコミュニケーション技術を「ソーシャルスキル」とよぶ。】,o,私たちはさまざまな場面で人と出会い、関係を形成するが、その関係性を維持するにはそれなりの技術が必要である。,0
8,コミュニケーション,5,【開いた質問をすることは、「あなたの話に興味がある」「あなたの思うように話して欲しい」という意思表示となる。】,o,「開いた質問」とは、相手側がいかようにも答えることが可能な質問のことである。より具体的には、「何を」「なぜ」「どのように」というような質問である。それに対し、回答が限定されるような質問を「閉じた質問」とよぶ。たとえば、イエスかノーでしか答えようのない質問は、閉じた質問である。また、年齢、居住地などを尋ねるのも、閉じた質問だといえる。,0
8,コミュニケーション,6,【相手から送られたメッセージを話し手に返す行為を「反射」とよぶ。】,o,相づちや反射を用いる際には、非言語的コミュニケーションを合わせて用いることが効果的である。うなずくとか、話の内容に合わせて表情をつくるといったことである。,0
8,コミュニケーション,7,【他者が自分に対して好意的な振る舞いをしたら、こちらも相手に対して好意的な振る舞いを返すことを「返報性」とよぶ。】,o,ドア・イン・ザ・フェイス・テクニックが効果を持つ理由についての有力な説として、「譲歩してきた相手には譲歩しないといけない」という規範を私たちが有しているためである、という説がある。「相手が譲歩したら、こちらも譲歩する」というのは、返報性のあらわれだといえる。,0
8,コミュニケーション,8,【フット・イン・ザ・ドア・テクニックは、事前要請と本来の要請とで要請者が異なっても有効だといえる。】,o,また、フット・イン・ザ・ドア・テクニックは、事前要請と本来の要請とで要請の話題や内容が変わっても効果をもつといえる。,0
8,コミュニケーション,9,【自己知覚理論によれば、自己の内的状態は、直接知ることができるものではなく、自己の行動やその行動が生起した状況などの外部手がかりを観察することで推測するものである。】,o,私たちは、他者の内的状態（思考、信念、性格など）を直接知ることはできない。したがって、他者の内的状態は、外部から観察可能な行動などから推論することになる。自己知覚理論によれば、自己の内的状態についても同様であるという。自己知覚理論は、フット・イン・ザ・ドア・テクニックが効果をもつことについての説明として有力なものの１つである。,0
8,コミュニケーション,10,【私たちには、一貫した行動を取ることや、他者からもそのように見られることを望む傾向があるとされる。そのため、私たちは、以前の行動と同様の行動を取りがちである。このことを「一貫性」とよぶ。】,o,フット・イン・ザ・ドア・テクニックには、一貫性も関係していると考えられる。フット・イン・ザ・ドア・テクニックにおいて事前要請を承諾した人は、一貫性によって、その後も同様の行動（つまり、要請を承諾するという行動）を取りがちになるのである。,0
8,コミュニケーション,11,【ロー・ボール・テクニックとザッツ・ノット・オール・テクニックでは、本来の目的である要請とそれに先立つ要請は別物である。】,x,ドア・イン・ザ・フェイス・テクニックとフット・イン・ザ・ドア・テクニックでは、本来の目的である要請とそれに先立つ要請は別物である。それに対し、ロー・ボール・テクニックとザッツ・ノット・オール・テクニックでは、最初から本来の目的である要請を行っており、最初の要請と次の要請とで異なるのは付随する条件である。,0
9,集団,1,【人の集まりはすべて「集団」である。】,x,集団は、複数の個人の集まりである。しかし、「人の集まりはすべて集団である」というわけではない。集団とは、次のような条件を満たすものであるとされる：「1. 複数の人間の集まりであること」「2. 集まり全体としての目的・目標があり、それを成員（メンバー）たちが共有していること」「3. 共通の目的・目標を達成するために、成員たちが協力すること」。,0
9,集団,2,【集団への所属意識、つまり「自分は○○という集団に所属している」という意識は、自身のアイデンティティの一部ともなる。】,o,第06回「自己」の授業で取り上げた、「社会的アイデンティティ」を思い出してほしい。なお、自分が所属している集団を「内集団」、それ以外の集団を「外集団」とよぶ。,0
9,集団,3,【「集団凝集性」とは、集団としてのまとまりや結束力のことである。】,o,次のような要因が、集団凝集性の高さにつながる：「各成員が受ける報酬の多さ」「各成員の所属意識の高さ」「成員間での目的・目標の共有度合いの高さ」。,0
9,集団,4,【「集団規範」とは、集団内の人々が従うべき明文化された規則である。】,x,集団が成立して時間が経過すると、集団活動における価値評価や判断、行動の規準のようなものが自然と出来上がる。これを「集団規範」とよぶ。集団規範は、文章になっているわけではないのだが、暗黙のうちに集団内の人々が従うべきものとみなされ、成員たちの考えや行動を統制することになる。集団規範から外れた行動をとる成員は、集団内で違和感を持って見られる存在となり、ときに非難されたり、仲間外れにされたりすることがある。,0
9,集団,5,【集団で課題を遂行する際に、1人当たりの遂行量・努力量が減少する現象を「社会的手抜き」とよぶ。】,o,たとえば、リンゲルマンは、1人、2人、3人、あるいは8人で綱を引いてもらい、その力を測定して、1人当たりの引っ張る力を算出した。その結果、1人で引いた場合の引っ張る力を100％とすると、2人で引いた場合は93％、3人で引いた場合は85％、8人で引いた場合は49％であった。,0
9,集団,6,【リスキーシフト現象の生起プロセスは、コーシャスシフト現象の生起プロセスとはまったく異なる。】,x,現在では、リスキーシフト現象とコーシャスシフト現象は、集団極性化現象の2つの現れ方として理解されている。集団極性化現象とは、集団における議論においては個々人の意見がより極端化されること、あるいはその結果として集団としての意思決定が極端化されることを指す。,0
9,集団,7,【集団極性化現象を引き起こすプロセスのひとつには、確証バイアスが関わっている。】,o,確証バイアスについては、第03回、第05回の資料を参照。,0
9,集団,8,【集団思考を防ぐために、リーダーは最初に自分の希望を明確に述べたうえで、メンバーが反対意見や疑問点を出すように鼓舞しなければならない。】,x,集団のメンバーが、集団内で支持を失うことや、排除されることをおそれると、仲間の間で事を荒立てず、現在の望ましい関係を維持することに関心が向くようになる。その結果として、集団の目標達成に必要な現実を検討する能力や道徳的判断、知的能率が低下し、有効な問題解決が妨げられることがある。これを「集団思考」とよぶ。ジャニスは、集団思考を防ぐには、「リーダーは批判的な評価者としての役割をとり、メンバーが反対意見や疑問点を出すように鼓舞しなければならない」「リーダーは最初から自分の好みや希望を述べて、偏った立場にあることを明らかにしてはならない」などと指摘している。（【】内の記述は、「リーダーは最初に自分の希望を明確に述べたうえで」の箇所が不適切である。）,0
9,集団,9,【初期のリーダーシップ研究では、リーダーの個人的な属性とリーダーシップとの関連が研究されたが、一貫した結果は認められなかった。】,o,初期のリーダーシップ研究では、リーダーになる人は他の人にない優れた特徴をもっているのではないかと考えられた。たとえば、身長、体重、容姿、知能、性格、社会経済的地位などの個人的な属性とリーダーシップとの関連が研究された。しかし、そこには一貫した結果が認められなかった。そこで、リーダーの個人的属性ではなく、リーダーの行動様式（リーダーシップ・スタイル）に研究の焦点が移っていくこととなった。,0
9,集団,10,【「PM理論」の4類型と集団の生産性やメンバーの満足度などについてのさまざまな指標との関連を調査した研究の結果、どのような指標をとっても、PM型リーダーの結果が一番よく、pm型リーダーの結果が最も悪かった。】,o,なお、Pm型とpM型の比較では、指標や期間により優劣が異なった。たとえば、業績や事故の発生などの生産性を指標にとった場合、短期的にはPm型の方がよい結果であったが、長期的にはpM型の方が優れた結果となった。また、仕事に対する意欲や会社・給与に対する満足感などに関する部下の認知を指標とした場合、総じて、pM型の方がPm型よりも効果が高い結果となった。,0
9,集団,11,【コンティンジェンシー理論は、どんな状況においても常にベストであるようなリーダーシップ行動やスタイルは存在しないという考え方である。】,o,コンティンジェンシー（contingency）理論は、ある特定のリーダーシップ・スタイルの効果性・有効性は、集団の状況により変化するということを基本としている。,0
10,集合行動,1,【集合行動は、集団とはよべないような集まりにおいてみられる現象である。】,o,そのような集まりのなかで、ある特定の行動パターンをとる人が徐々に増えていき、最終的に集まりを形成する人々のほとんどが同じような行動をみせるようになる場合がありうる。このような現象を「集合行動」とよぶ。集合行動には、群集行動、流行、流言などがある。,0
10,集合行動,2,【群集は、受動的か能動的かによって、「聴衆」と「モッブ（モブ）」に大別できる。】,o,「聴衆」は受動的な群衆、「モッブ」は能動的な群衆である。,0
10,集合行動,3,【「攻撃的モッブ」とは、祭りで興奮した人々が狂喜乱舞するといった、日常からの解放行動を示す群集を指す。】,x,モッブは、表出的モッブ、利得的モッブ、逃走的モッブ、攻撃的モッブに分けることができる。表出的モッブとは、祭りで興奮した人々が狂喜乱舞するといった、日常からの解放行動を示す群集を指す。利得的モッブは、バーゲンに殺到する人たちや、不安に駆られて特定商品を買い占めたり、銀行の取り付け騒動を起こしたりする人々を指す。逃走的モッブは、地震や火災などの現場に居合わせて混乱した状態にある群集を意味する。攻撃的モッブは、暴動を起こす人々などを指す。,0
10,集合行動,4,【思想、科学の世界では流行という現象はみられない。】,x,流行は、服飾や化粧、髪型などで顕著であるが、芸術、工芸、娯楽、言語、思想、科学など、社会生活のあらゆる面で生じうる。,0
10,集合行動,5,【流行が伝播し始めてから消滅するまでのどの段階で流行を採用するのかによって、個人を5つのタイプに分類することができる。5つのタイプのうち、「革新的採用者」は、最も早く流行を採用する者であり、流行の火付け役であるといえる。】,x,ロジャースは、流行の普及過程に注目し、流行が伝播し始めてから消滅するまでのどの段階で流行を採用するのかによって、個人を「革新的採用者」「初期少数採用者」「前期多数採用者」「後期多数採用者」「採用遅滞者」の5つのタイプに分類している。革新的採用者は、最も早く流行を採用する者であるが、他者に対する影響は限定的だと考えられている。それに対し、初期少数採用者は、前期多数採用者や後期多数採用者に大きな影響を与える存在であり、流行の火付け役であるといえる。,0
10,集合行動,6,【ある社会的な集まりの中で、真偽が確かめられていない情報が、人から人へと伝えられていく連鎖的な伝達過程のこと（あるいはその過程において伝達されていく情報のこと）を「流言」とよぶ。】,o,（解説は特になし。）,0
10,集合行動,7,【流言においては、情報が伝達されていくにつれて、その情報の内容が変容していくことが一般的である。】,o,流言における伝達情報の変容については、次のような特徴がみられる：「伝達途上で内容が簡約化・平易化される。」「特定の情報にだけ注意が向いて誇張される。」「内容が伝達者の認知的枠組みにそって再構成される（伝達者は、受け取った情報を、自分がもっている知識や信念、自分なりの常識にもとづいて解釈したうえで、他者に伝える）。」,0
10,集合行動,8,【流言は、発生動機に悪意がないため、騒動につながるようなことはない。】,x,一般には「デマ」と「流言」は同じ意味で使われることが多い。しかし、厳密には、「デマ」と「流言」は次のように区別される。ある目的のためにありもしないことを故意に言いふらして扇動することが「デマ」である。それに対し、「流言」は発生動機に悪意を伴わないものを指す。ただし、悪意がないとはいえ、流言はとんでもない騒動を招いてしまうこともある。,0
10,集合行動,9,【流言の発生には、事態の重要性、情報のあいまいさ、不安・緊張という要因が関わる。】,o,流言は、その事態が人々にとって重要であるほど、そして、情報があいまいであるほど大きくなる。また、不安や緊張は、流言発生の素地・土台となる。,0
10,集合行動,10,【1973年に発生した豊川信用金庫の取り付け騒動では、多数の客が預金解約・払い戻しを求めて、各店舗につめかけた。これらの人々は「利得的モッブ」であるといえる。】,o,「利得的モッブ」は、バーゲンに殺到する人たちや、不安に駆られて特定商品を買い占めたり、銀行の取り付け騒動を起こしたりする人々を指す。,0
11,他者からの影響(1),1,【同調は、比較的規模の小さな集団においても生じうる。】,o,個人の意見、判断、行動などが多数派と異なっているときに、多数派に合うようにそれらを変えてしまうことを、「同調」とよぶ。アッシュは、一連の実験によって、同調の起こりやすさに及ぼす集団の規模の影響について調べている。その結果、同調は、メンバーが本来の実験参加者の他に1人しかしない場合にはほとんど起こらなかった。メンバーが2人、3人と増えるにしたがって、同調は起こりやすくなったが、メンバーがそれより増えても同調の起こりやすさはほとんど変わらなかった。このような結果から、同調は、比較的規模の小さな集団においても生じうるといえる。,0
11,他者からの影響(1),2,【「私的受容による同調」とは、本心では他者の意見に同意していないのだが、行動では表面上他者の意見に合わせるような同調のことである。】,x,同調は、「公的受容による同調」と「私的受容による同調」の2種類に大別できる。「公的受容による同調」とは、本心では他者の意見に同意していないのだが、行動では表面上他者の意見に合わせるような同調である。それに対し、「私的受容による同調」は、他者の意見に本心から同意して生じるものである。,0
11,他者からの影響(1),3,【多数者意見が少数者にもたらす影響には、「規範的影響」と「情報的影響」の2種類がある。規範的影響は、正しい判断や意見を示唆するものである。】,x,規範的影響は、自分に対して周囲が期待している行動を示唆するものである。それに対し、情報的影響は、正しい判断や意見を示唆するものである。公的受容による同調は、規範的影響に基づいたものであると考えられる。また、私的受容による同調は、情報的影響に基づいたものであると考えられる。,0
11,他者からの影響(1),4,【権威のある他者から受けた命令などの社会的圧力によって、自らの意志とは異なる行動をとることを「服従」とよぶ。】,o,ミルグラム（S. Milgram， 1963）の実験は、服従が容易に起こることを示した。,0
11,他者からの影響(1),5,【ミルグラムの実験では、最大強度の450ボルトまで電気ショックを与え続けた実験参加者はほとんどいなかった。】,x,実験が行われる前には、実験参加者のほとんどが送電を途中でやめてしまうだろう、と予想されていた。しかし、実際には、40人中26人（65％）もの実験参加者が最大強度の450ボルトまで電気ショックを与え続けた。この実験の結果は、人間は権威からの指示・命令に弱く、容易に服従してしまうことを示している。,0
11,他者からの影響(1),6,【他者に影響を与えて、その行動、態度、信念などを変化させることのできる能力および変化させる可能性を持つ状態のことを「社会的勢力」とよぶ。】,o,社会的勢力（social power）は、次の5種類に分類することができる：「報酬勢力」「罰勢力（強制勢力）」「正当勢力」「専門勢力」「参照勢力」,0
11,他者からの影響(1),7,【専門勢力を有する者が、実際には専門家でないこともありえる。】,o,被影響者に専門家であると認められさえすれば、専門勢力は生じうる。,0
11,他者からの影響(1),8,【社会的勢力とは、それをもつ者の内的な要因（能力、知識、性格など）によって生まれるものである。】,x,ある者が社会的勢力をもつかどうかは、その影響を受ける側の認知、捉え方に大きく左右される。社会的勢力とは、それをもつ者の内的な要因によって生まれるものではなく、むしろ被影響者の認知によって生じるものだといえる。,0
11,他者からの影響(1),9,【権威とは正当勢力と専門勢力が融合したものである。】,o,たとえば、法律に関する高度な専門性を持つ者（専門勢力者）に、その専門性を世間一般に広く認めさせるために資格を与えた結果、弁護士という正当勢力をも有するようになる。このような者は法律の権威であるといえる。,0
12,他者からの影響(2),1,【「社会的促進」が起こるのは、よく学習されて慣れ親しんだ課題や難易度の低い課題を行う場合である。】,o,私たちが何らかの課題や作業などを行うとき、近くに同じ課題や作業を行っている他者がいたり、自分が課題や作業を行うのを見ている他者がいたりすることがある。このような他者の存在によって、個人の課題遂行が促進されることを「社会的促進」、抑制されることを「社会的抑制」とよぶ。社会的促進が生じるのは、よく学習されて慣れ親しんだ課題や難易度の低い課題を行う場合である。それに対し、社会的抑制が生じるのは、あまり学習されていない課題や難易度が高い課題を行う場合である。,0
12,他者からの影響(2),2,【他者と協同して課題や作業に取り組む場合、単独で作業する場合に比べて、各個人の努力量が減少することがある。これを「社会的抑制」とよぶ。】,x,他者と協同して課題や作業に取り組む場合、単独で作業する場合に比べて、各個人の努力量が減少することがある。これを「社会的手抜き」とよぶ。「社会的抑制」については、一つ前の設問の解説文を参照。,0
12,他者からの影響(2),3,【緊急な援助を必要とするような他者が存在するような場面において、第三者（傍観者）の存在が援助行動を抑制することがある。これを「傍観者効果」とよぶ。】,o,なお、「傍観」とは、ある事態が起きているときに、その事態に関わろうとせず、ただ近くで見ていることである。,0
12,他者からの影響(2),4,【ダーリーとラタネ（J. M. Darley & B. Latane， 1968）の実験の結果は、援助行動の抑制の程度は傍観者の人数が多くなるほど強まることを示している。】,o,実験参加者と病人のみの条件では、すべての実験参加者が制限時間内（発作から6分以内）に報告し、報告までの時間も短かった。実験参加者と病人以外の参加者が存在すると、実験参加者と病人のみの場合に比べて、報告率が低く、報告までの時間も長くなった。また、この傾向は、実験参加者と病人以外の参加者の数が多い方が顕著であった。,0
12,他者からの影響(2),5,【緊急事態での援助行動は、 (1) 緊急事態発生の判断、 (2) 緊急事態への注意、 (3) 個人的責任の程度の決定、 (4) 介入様式の決定、 (5) 介入の実行 という段階を順番にたどって実行されると考えられている。】,x,ラタネとダーリー（1970）は、緊急事態での援助行動は、 (1) 緊急事態への注意、 (2) 緊急事態発生の判断、 (3) 個人的責任の程度の決定、 (4) 介入様式の決定、 (5) 介入の実行 という段階を順番にたどって実行されると考え、傍観者の存在がそれぞれの段階において援助行動を抑制するように作用する可能性を指摘した。（問の【】内の記述は、「緊急事態発生の判断」と「緊急事態への注意」の順番が逆である。）,0
12,他者からの影響(2),6,【私たちの行動は、思いのほか、他者の存在の影響を強く受けている。】,o,他者の存在によって、内的要因（性格など）には特に極端な点はみられない、ごく一般的な人であっても、他者を苦しめることを行ったり（ミルグラムの服従の実験）、生命に危険が迫っている他者を助けなかったり（ダーリーとラタネの傍観者効果の実験）することがあるのである。,0
12,他者からの影響(2),7,【ジンバルドーらが行った模擬刑務所実験では、各種の心理検査などによって看守の適性があるとされた者を看守役に割り当てた。その結果、看守役は実際の看守になりきってしまった。】,x,模擬刑務所実験では、21名の実験参加者のうち、10名が看守役、11名が囚人役に、ランダムに割り当てられた。それにも関わらず、囚人役も看守役も、実際の囚人や看守になりきってしまった。,0
13,文化,1,【中国の子どもたちに、「『パンダ』『バナナ』『サル』の３つのうち２つを一緒の仲間に分類するとしたら、どれとどれが仲間だろうか。」という問題に答えてもらったところ、「パンダ」と「サル」を仲間として選ぶ傾向が高かった。】,x,アメリカの子どもでは、「パンダ」と「サル」が仲間だとする者が多かった。「動物」という分類学上のカテゴリーにもとづいて仲間を選んだのである。これに対し、中国の子どもは「サル」と「バナナ」を仲間として選ぶ傾向が高かった。「サルはバナナを食べるから」という関係にもとづいて仲間を選んだのである。,0
13,文化,2,【西洋人の思考法は、古代ギリシア以来の「分析的思考」である。】,o,分析的思考とは、「対象を周囲の状況や文脈から切り離して単独で考え、属性にもとづいてカテゴリーに分類し、それぞれのはたらきや要素間の作用や因果関係を理解する」という思考法である。,0
13,文化,3,【「物事は周囲と切り離せず周りの状況や文脈など全体から理解すべきで、物事には矛盾があり真実は1つではない」という、古代中国文明をルーツとする思考法を「相対的思考」とよぶ。】,x,問の【】内で述べられているような思考法を「包括的思考」とよぶ。東洋人（中国、韓国、日本などの東アジアの人）の思考は、包括的思考である。,0
13,文化,4,【西洋の人よりも東洋の人の方が、基本的な帰属のエラー（過度の内的帰属）の程度が低いといえる。】,o,原因帰属においては、西洋の人よりも東洋（東アジア）の人の方が、より外的要因を重視する傾向がある。つまり、西洋の人よりも東洋の人の方が、基本的な帰属のエラー（過度の内的帰属）の程度が低いといえる。第04回授業では「基本的な帰属のエラーは、人間がおかしがちな本質的で普遍的な帰属の誤りであるとされている」と説明したが、人間にとって本質的で普遍的だと考えられていたバイアスにも文化による程度の差があるということである。,0
13,文化,5,【欧米文化の自己観は「相互独立的自己観」とよばれる。】,o,欧米文化の自己観は「相互独立的自己観」とよばれ、自己は他者や周りから独立している。自分自身の能力や特性が重要で、自分の行動は自分の内部の性格や能力によって決められるべきで、個人の自由や権利、ユニークさや自己主張が重視される。,0
13,文化,6,【東アジアの自己観は「相互依存的自己観」とよばれる。】,x,東アジアの自己観は「相互協調的自己観」とよばれる。「相互協調的自己観」では、自己は近い人たちと明確には区切られておらず、自己に組み込まれている。自分にとって重要な人たちの期待やその人たちとの関係が大事で、私的な特徴より社会的な地位や役割が大切である。人の気持ちを理解し協調して自分を抑え、周りの人たちから期待されているように行動する。そして、自分の仲間（内集団）とそうでない人々（外集団）とを区別する。,0
13,文化,7,【西洋文化では「自己高揚」、東洋では「自己卑下」の傾向がみられる。】,o,西洋文化では、自尊感情は高くあるべきだと考えられているために、自分を良く見ようとする「自己高揚」の傾向がある。東洋では、自分を低く見ようとする「自己卑下」の傾向がみられる。自分が内集団のメンバーより優れているということに対する抵抗感だと考えられる。また、常に自己批判をすることにより、向上して完璧に近付こうとする動機ともつながっている。,0
13,文化,8,【日本では、水平的集団主義傾向が強い人々が多くみられる。】,x,「垂直」とは、内集団に仕える、不平等が認められる、地位に特権が認められる、ということである。それに対し、「水平」とは、社会的連帯や一体感、特に地位において平等ということである。日本では、垂直的集団主義傾向が強い人々が多くみられ、地位が大切で、礼儀正しく相互依存的で人と違うことはしない。,0
13,文化,9,【ほとんどすべての実証的研究は日本人が集団主義的であることを支持している。】,x,高野陽太郎（2008）によれば、ほとんどすべての実証的研究は日本人が集団主義的であることを支持していないという。「アメリカ人は個人主義」「日本人は集団主義」というのは、ステレオタイプに過ぎず（ステレオタイプについては第03回授業資料を参照）、アメリカ人も日本人もそう思い込んでいるだけかもしれないのである。,0
13,文化,10,【内的要因（心）としての文化と外的要因（社会）としての文化は、一方が他方を生み出すという、循環的なプロセスのなかに位置づけることができる。】,o,たとえば、アメリカの本や教科書には、サクセスストーリーが多く、日常の会話にもポジティブな話題が多い。自尊心が大切というアメリカ人の心がお互いに「ほめ合う」「自尊心を高め合う」社会をつくり、その結果、高い自尊心という心をつくっているとも考えられる。,0
14,自動性,1,【「プライミング効果」とは、ある判断や行動に先立って経験された事柄が、後続の判断や行動に影響を与える（促進したり、抑制したりする）現象である。】,o,プライミング効果は、刺激を認知閾下で呈示した場合でも生じうる。また、刺激が認知閾上で提示され、その刺激そのものには気づいている場合であっても、その刺激が後続の行動に影響を及ぼしたことに、当人が気づいていないこともある。,0
14,自動性,2,【人間の社会的判断や社会的行動は、そのほとんどが意識的な制御のもとで行われる。】,x,バージをはじめとする自動性の研究者が明らかにした知見は、「人間の社会的判断や社会的行動は、そのほとんどが意識的な制御のもとで行われる。」といった常識を根底から覆すものだった。,0
14,自動性,3,【自動性を支える自動的過程には、「無自覚」「非意図的」「効率的」「統制不可能」という4つの特徴がある。】,o,「無自覚…当該の行動の生起に行為者の意識的関与は必要ない、行為者が自身の行動の原因に気付いていない」「非意図的…行為者は当該の行動を意図的にとろうとしたわけではない、あるいは意図に反した行動が生起している」「効率的…特別な努力や認知資源を必要とせずに、当該の行動が生じている」「統制不可能…その行動を中止するなど、行為者が望む方向に自身の行動をコントロールすることができない」,0
14,自動性,4,【人間の認知や行動のかなりの部分は無意識的な心の働きに依存しているため、意識は人間にとって重要な役割を果たしてはいない。】,x,人間の認知や行動のかなりの部分は無意識的な心の働きに依存しているという考えは、研究者の間では一般的なものになってきた。一方で、意識は確かに人間にとって重要な役割を果たしていると主張する研究者もいる。たとえば、意識的関与のない自動的過程は、効率的ではあるが、しばしばエラーやバイアスを引き起こす。こうしたエラーやバイアスの修正は、意識的な過程によってのみ行われるという。,0
14,自動性,5,【自己制御に必要なエネルギー（制御資源）は有限であるため、ある場面で制御資源を使いすぎると、制御資源が枯渇してしまい、後続の場面での自己制御が難しくなることがある。これを「自我枯渇」とよぶ。】,o,バウマイスターらは、おいしそうなチョコレートを食べるのを我慢させ、代わりにラディッシュを食べさせた実験参加者は、その後に難しいパズル問題をさせたとき、あきらめるまでの時間が早かったことを報告している。,0
14,自動性,6,【自由意志の存在そのものに疑問を投げかけている研究者も存在する。】,o,たとえば、ウェグナーは、自由意志の存在は幻想に過ぎず、実際には自分の意思で開始された行為ではなくても、私たちは自分の意思によるものと誤って信じているのだと主張している（Wegner， 2002; Wegner & Wheatley， 1999）。このような、自らの意思で行為を決定しているという主観的感覚を「エージェンシー感覚」とよぶ。,0
14,自動性,7,【「自由意志は存在する」という信念は自己制御を高め、向社会的行動を促進し、反社会的行動を抑制する。】,o,実験参加者に自由意志の存在を否定する書籍の一節を読ませるなどして、自由意志への信念を低下させると、カンニングをするなどの不正な行為が増えたり、攻撃性が増したり、援助行動が減ったりすることが明らかにされている。,0
14,自動性,8,【二重過程モデルにおける「システム2」には、「制御的」「認知的な負荷が比較的大きい」「比較的速い」などの特徴がある。】,x,「制御的」「認知的な負荷が比較的大きい」はシステム2の特徴であるが、「比較的速い」はシステム1の特徴である。システム1、システム2の特徴は次のように要約できる：「システム1は、連想的、全体論的、並列的、自動的、認知的な負荷が比較的小さい、比較的速い、高度に文脈依存」「システム2は、規則に基づく、分析的、直列的、制御的、認知な負荷が比較的大きい、比較的遅い、文脈から独立」,0
